{
  "kind": "coverage_report",
  "version": "1.0",
  "generatedAt": "2026-02-24T14:46:12.008Z",
  "sources": {
    "buildRequest": true,
    "implementationPlan": true
  },
  "requirements": {
    "total": 6,
    "implemented": 6,
    "items": [
      {
        "id": "REQ-1",
        "summary": "Create a visually rich, interactive dashboard as the main landing page showing the student's learning path, progress stats, and quick-access cards for each module (Architectural Logic, Data Structures, System Design, Git Mastery). Use a dark-tech aesthetic with accent neon highlights, bold typography, and animated progress indicators.",
        "status": "implemented",
        "plannedFiles": [
          "frontend/src/pages/Dashboard.tsx",
          "frontend/src/components/ModuleCard.tsx",
          "frontend/src/components/ProgressRing.tsx",
          "frontend/src/App.tsx"
        ],
        "matchedFiles": [
          "frontend/src/pages/Dashboard.tsx",
          "frontend/src/components/ModuleCard.tsx",
          "frontend/src/components/ProgressRing.tsx",
          "frontend/src/App.tsx"
        ]
      },
      {
        "id": "REQ-2",
        "summary": "Build an interactive Data Structure Visualizer module that lets students compare algorithmic approaches side-by-side (e.g., BST vs flat array search). Animate step-by-step traversal with highlighted nodes/elements, display time complexity callouts, and explain with contextual 'why this matters in industry' tooltips.",
        "status": "implemented",
        "plannedFiles": [
          "frontend/src/pages/DataStructureVisualizer.tsx",
          "frontend/src/components/AlgorithmVisualizer.tsx",
          "frontend/src/components/ComparisonPanel.tsx",
          "frontend/src/App.tsx"
        ],
        "matchedFiles": [
          "frontend/src/pages/DataStructureVisualizer.tsx",
          "frontend/src/components/AlgorithmVisualizer.tsx",
          "frontend/src/components/ComparisonPanel.tsx",
          "frontend/src/App.tsx"
        ]
      },
      {
        "id": "REQ-3",
        "summary": "Build an AI Mentor panel that displays contextual explanations for any code problem or architectural decision. The mentor responds with 'why' reasoning (not just correctness), structured as: Approach Chosen → Trade-offs → Real-world Analogy → Better Alternative (if any). Mentor responses are stored in the backend and retrieved per session.",
        "status": "implemented",
        "plannedFiles": [
          "frontend/src/components/AIMentorPanel.tsx",
          "frontend/src/components/MentorResponseCard.tsx",
          "frontend/src/pages/MyNotes.tsx",
          "frontend/src/components/Layout.tsx",
          "frontend/src/App.tsx"
        ],
        "matchedFiles": [
          "frontend/src/components/AIMentorPanel.tsx",
          "frontend/src/components/MentorResponseCard.tsx",
          "frontend/src/pages/MyNotes.tsx",
          "frontend/src/components/Layout.tsx",
          "frontend/src/App.tsx"
        ]
      },
      {
        "id": "REQ-4",
        "summary": "Build a Git Conflict Resolution Simulator module. Present the student with a realistic merge conflict scenario (base, ours, theirs versions shown in a split diff editor). Student resolves the conflict by editing the merged output. The system validates the resolution and provides step-by-step guided hints if the student is stuck.",
        "status": "implemented",
        "plannedFiles": [
          "frontend/src/pages/GitConflictSimulator.tsx",
          "frontend/src/components/DiffPanel.tsx",
          "frontend/src/components/MergedOutputEditor.tsx",
          "frontend/src/App.tsx"
        ],
        "matchedFiles": [
          "frontend/src/pages/GitConflictSimulator.tsx",
          "frontend/src/components/DiffPanel.tsx",
          "frontend/src/components/MergedOutputEditor.tsx",
          "frontend/src/App.tsx"
        ]
      },
      {
        "id": "REQ-5",
        "summary": "Build an Industry Challenge Feed that lists real-world system design and architectural tasks (e.g., 'Design a URL shortener', 'Choose the right DB for a ride-sharing app'). Each challenge card shows difficulty, estimated time, and a 'Start Challenge' CTA. Challenges are stored and retrieved from the backend.",
        "status": "implemented",
        "plannedFiles": [
          "frontend/src/pages/IndustryChallengeFeed.tsx",
          "frontend/src/components/ChallengeCard.tsx",
          "frontend/src/pages/ChallengeWorkspace.tsx",
          "frontend/src/components/AnswerEditor.tsx",
          "frontend/src/App.tsx"
        ],
        "matchedFiles": [
          "frontend/src/pages/IndustryChallengeFeed.tsx",
          "frontend/src/components/ChallengeCard.tsx",
          "frontend/src/pages/ChallengeWorkspace.tsx",
          "frontend/src/components/AnswerEditor.tsx",
          "frontend/src/App.tsx"
        ]
      },
      {
        "id": "REQ-6",
        "summary": "Apply a cohesive dark-tech visual theme across the entire application: deep charcoal/near-black backgrounds, electric green and cyan neon accents, monospace + sans-serif font pairing, subtle grid or circuit-pattern backgrounds, glowing card borders on hover, and smooth page transition animations. The design should feel like a professional developer IDE meets a learning platform.",
        "status": "implemented",
        "plannedFiles": [
          "frontend/tailwind.config.js",
          "frontend/src/index.css",
          "frontend/public/assets/generated/hero-banner.dim_1400x400.png",
          "frontend/public/assets/generated/logo-icon.dim_128x128.png",
          "frontend/public/assets/generated/bg-texture.dim_1920x1080.png"
        ],
        "matchedFiles": [
          "frontend/tailwind.config.js",
          "frontend/src/index.css",
          "frontend/public/assets/generated/hero-banner.dim_1400x400.png",
          "frontend/public/assets/generated/logo-icon.dim_128x128.png",
          "frontend/public/assets/generated/bg-texture.dim_1920x1080.png"
        ]
      }
    ]
  },
  "changedFiles": [
    "backend/blob-storage/Mixin.mo",
    "backend/blob-storage/Storage.mo",
    "backend/main.mo",
    "build-request.json",
    "build-template/Dockerfile",
    "build-template/LICENSE",
    "build-template/README.md",
    "build-template/deploy.sh",
    "build-template/icp.yaml",
    "build-template/package.json",
    "build-template/pnpm-lock.yaml",
    "build-template/pnpm-workspace.yaml",
    "build-template/scripts/prune-unused-images.js",
    "build-template/scripts/resize-images.js",
    "build-template/src/backend/canister.yaml",
    "build-template/src/backend/system-idl/aaaaa-aa.did",
    "build-template/src/frontend/canister.yaml",
    "build-template/src/frontend/components.json",
    "build-template/src/frontend/env.json",
    "build-template/src/frontend/eslint-rules/no-bigint-in-query-keys.js",
    "build-template/src/frontend/eslint-rules/require-internet-identity-provider.js",
    "build-template/src/frontend/eslint.config.js",
    "build-template/src/frontend/package.json",
    "build-template/src/frontend/postcss.config.js",
    "build-template/src/frontend/src/components/ui/accordion.tsx",
    "build-template/src/frontend/src/components/ui/alert-dialog.tsx",
    "build-template/src/frontend/src/components/ui/alert.tsx",
    "build-template/src/frontend/src/components/ui/aspect-ratio.tsx",
    "build-template/src/frontend/src/components/ui/avatar.tsx",
    "build-template/src/frontend/src/components/ui/badge.tsx",
    "build-template/src/frontend/src/components/ui/breadcrumb.tsx",
    "build-template/src/frontend/src/components/ui/button.tsx",
    "build-template/src/frontend/src/components/ui/calendar.tsx",
    "build-template/src/frontend/src/components/ui/card.tsx",
    "build-template/src/frontend/src/components/ui/carousel.tsx",
    "build-template/src/frontend/src/components/ui/chart.tsx",
    "build-template/src/frontend/src/components/ui/checkbox.tsx",
    "build-template/src/frontend/src/components/ui/collapsible.tsx",
    "build-template/src/frontend/src/components/ui/command.tsx",
    "build-template/src/frontend/src/components/ui/context-menu.tsx",
    "build-template/src/frontend/src/components/ui/dialog.tsx",
    "build-template/src/frontend/src/components/ui/drawer.tsx",
    "build-template/src/frontend/src/components/ui/dropdown-menu.tsx",
    "build-template/src/frontend/src/components/ui/form.tsx",
    "build-template/src/frontend/src/components/ui/hover-card.tsx",
    "build-template/src/frontend/src/components/ui/input-otp.tsx",
    "build-template/src/frontend/src/components/ui/input.tsx",
    "build-template/src/frontend/src/components/ui/label.tsx",
    "build-template/src/frontend/src/components/ui/menubar.tsx",
    "build-template/src/frontend/src/components/ui/navigation-menu.tsx",
    "build-template/src/frontend/src/components/ui/pagination.tsx",
    "build-template/src/frontend/src/components/ui/popover.tsx",
    "build-template/src/frontend/src/components/ui/progress.tsx",
    "build-template/src/frontend/src/components/ui/radio-group.tsx",
    "build-template/src/frontend/src/components/ui/resizable.tsx",
    "build-template/src/frontend/src/components/ui/scroll-area.tsx",
    "build-template/src/frontend/src/components/ui/select.tsx",
    "build-template/src/frontend/src/components/ui/separator.tsx",
    "build-template/src/frontend/src/components/ui/sheet.tsx",
    "build-template/src/frontend/src/components/ui/sidebar.tsx",
    "build-template/src/frontend/src/components/ui/skeleton.tsx",
    "build-template/src/frontend/src/components/ui/slider.tsx",
    "build-template/src/frontend/src/components/ui/sonner.tsx",
    "build-template/src/frontend/src/components/ui/switch.tsx",
    "build-template/src/frontend/src/components/ui/table.tsx",
    "build-template/src/frontend/src/components/ui/tabs.tsx",
    "build-template/src/frontend/src/components/ui/textarea.tsx",
    "build-template/src/frontend/src/components/ui/toggle-group.tsx",
    "build-template/src/frontend/src/components/ui/toggle.tsx",
    "build-template/src/frontend/src/components/ui/tooltip.tsx",
    "build-template/src/frontend/src/hooks/use-mobile.tsx",
    "build-template/src/frontend/src/lib/utils.ts",
    "build-template/src/frontend/tsconfig.json",
    "build-template/src/frontend/vite.config.js",
    "build-template/tsconfig.json",
    "caffeine.lock.json",
    "feature_evidence.json",
    "frontend-file-summaries.txt",
    "frontend-implementation-plan.json",
    "frontend/index.css",
    "frontend/index.html",
    "frontend/public/assets/generated/bg-texture.dim_1920x1080.png",
    "frontend/public/assets/generated/hero-banner.dim_1400x400.png",
    "frontend/public/assets/generated/logo-icon.dim_128x128.png",
    "frontend/src/App.tsx",
    "frontend/src/backend.d.ts",
    "frontend/src/backend.ts",
    "frontend/src/components/AIMentorPanel.tsx",
    "frontend/src/components/AlgorithmVisualizer.tsx",
    "frontend/src/components/AnswerEditor.tsx",
    "frontend/src/components/ChallengeCard.tsx",
    "frontend/src/components/ComparisonPanel.tsx",
    "frontend/src/components/DiffPanel.tsx",
    "frontend/src/components/Layout.tsx",
    "frontend/src/components/MentorResponseCard.tsx",
    "frontend/src/components/MergedOutputEditor.tsx",
    "frontend/src/components/ModuleCard.tsx",
    "frontend/src/components/ProgressRing.tsx",
    "frontend/src/config.ts",
    "frontend/src/declarations/backend.did.d.ts",
    "frontend/src/declarations/backend.did.js",
    "frontend/src/hooks/useActor.ts",
    "frontend/src/hooks/useInternetIdentity.ts",
    "frontend/src/hooks/useQueries.ts",
    "frontend/src/index.css",
    "frontend/src/main.tsx",
    "frontend/src/pages/ChallengeWorkspace.tsx",
    "frontend/src/pages/Dashboard.tsx",
    "frontend/src/pages/DataStructureVisualizer.tsx",
    "frontend/src/pages/GitConflictSimulator.tsx",
    "frontend/src/pages/IndustryChallengeFeed.tsx",
    "frontend/src/pages/MyNotes.tsx",
    "frontend/src/ui-summary.json",
    "frontend/src/utils/StorageClient.ts",
    "frontend/tailwind.config.js",
    "project_state.json",
    "scratch/component-selection.json",
    "spec.md",
    "spec_vs_diff_report.json"
  ]
}